,filename,class,height,width,xmin,ymin,xmax,ymax,fx,fy
0,E:\Developer\Machine Learning and Deep Learning\Projects\YOLO\Implementing_YOLO\Scrap\IMG_20200416_163638.jpg,wrapper,640,480,251,4,438,305,0.8666666666666667,0.65
1,E:\Developer\Machine Learning and Deep Learning\Projects\YOLO\Implementing_YOLO\Scrap\IMG_20200416_152448.jpg,plastic,640,480,130,2,369,239,0.8666666666666667,0.65
2,E:\Developer\Machine Learning and Deep Learning\Projects\YOLO\Implementing_YOLO\Scrap\IMG_20200416_152707.jpg,metal,640,480,353,67,484,245,0.8666666666666667,0.65
3,E:\Developer\Machine Learning and Deep Learning\Projects\YOLO\Implementing_YOLO\Scrap\IMG_20200416_152524.jpg,plastic,640,480,122,140,461,349,0.8666666666666667,0.65
4,E:\Developer\Machine Learning and Deep Learning\Projects\YOLO\Implementing_YOLO\Scrap\IMG_20200415_170559.jpg,metal,640,480,205,3,430,333,0.8666666666666667,0.65
5,E:\Developer\Machine Learning and Deep Learning\Projects\YOLO\Implementing_YOLO\Scrap\IMG_20200414_132759.jpg,plastic,640,480,183,71,426,391,0.8666666666666667,0.65
6,E:\Developer\Machine Learning and Deep Learning\Projects\YOLO\Implementing_YOLO\Scrap\IMG_20200416_160146.jpg,ceramic,640,480,147,135,298,325,0.8666666666666667,0.65
7,E:\Developer\Machine Learning and Deep Learning\Projects\YOLO\Implementing_YOLO\Scrap\IMG_20200414_132452.jpg,paper,640,480,244,127,460,398,0.8666666666666667,0.65
8,E:\Developer\Machine Learning and Deep Learning\Projects\YOLO\Implementing_YOLO\Scrap\IMG_20200416_152436.jpg,plastic,640,480,191,112,510,393,0.8666666666666667,0.65
9,E:\Developer\Machine Learning and Deep Learning\Projects\YOLO\Implementing_YOLO\Scrap\IMG_20200414_132220.jpg,paper,640,480,187,143,425,364,0.8666666666666667,0.65
10,E:\Developer\Machine Learning and Deep Learning\Projects\YOLO\Implementing_YOLO\Scrap\IMG_20200414_132328.jpg,paper,640,480,59,219,203,358,0.8666666666666667,0.65
11,E:\Developer\Machine Learning and Deep Learning\Projects\YOLO\Implementing_YOLO\Scrap\IMG_20200414_132328.jpg,paper,640,480,400,114,537,288,0.8666666666666667,0.65
12,E:\Developer\Machine Learning and Deep Learning\Projects\YOLO\Implementing_YOLO\Scrap\IMG_20200416_152433.jpg,plastic,640,480,168,180,490,392,0.8666666666666667,0.65
13,E:\Developer\Machine Learning and Deep Learning\Projects\YOLO\Implementing_YOLO\Scrap\IMG_20200416_160313.jpg,ceramic,640,480,222,101,365,272,0.8666666666666667,0.65
14,E:\Developer\Machine Learning and Deep Learning\Projects\YOLO\Implementing_YOLO\Scrap\IMG_20200414_132320.jpg,paper,640,480,107,153,359,379,0.8666666666666667,0.65
15,E:\Developer\Machine Learning and Deep Learning\Projects\YOLO\Implementing_YOLO\Scrap\IMG_20200416_163623.jpg,wrapper,640,480,176,160,352,263,0.8666666666666667,0.65
16,E:\Developer\Machine Learning and Deep Learning\Projects\YOLO\Implementing_YOLO\Scrap\IMG_20200414_132301.jpg,paper,640,480,64,184,241,296,0.8666666666666667,0.65
17,E:\Developer\Machine Learning and Deep Learning\Projects\YOLO\Implementing_YOLO\Scrap\IMG_20200414_132301.jpg,paper,640,480,366,177,537,344,0.8666666666666667,0.65
18,E:\Developer\Machine Learning and Deep Learning\Projects\YOLO\Implementing_YOLO\Scrap\IMG_20200416_152642.jpg,plastic,640,480,132,70,579,381,0.8666666666666667,0.65
19,E:\Developer\Machine Learning and Deep Learning\Projects\YOLO\Implementing_YOLO\Scrap\IMG_20200416_164743.jpg,wrapper,640,480,219,107,409,270,0.8666666666666667,0.65
20,E:\Developer\Machine Learning and Deep Learning\Projects\YOLO\Implementing_YOLO\Scrap\IMG_20200416_160201.jpg,ceramic,640,480,196,138,391,342,0.8666666666666667,0.65
21,E:\Developer\Machine Learning and Deep Learning\Projects\YOLO\Implementing_YOLO\Scrap\IMG_20200416_163546.jpg,wrapper,640,480,201,160,387,347,0.8666666666666667,0.65
22,E:\Developer\Machine Learning and Deep Learning\Projects\YOLO\Implementing_YOLO\Scrap\IMG_20200415_170506.jpg,metal,640,480,270,116,381,284,0.8666666666666667,0.65
23,E:\Developer\Machine Learning and Deep Learning\Projects\YOLO\Implementing_YOLO\Scrap\IMG_20200415_170615.jpg,metal,640,480,260,44,496,380,0.8666666666666667,0.65
24,E:\Developer\Machine Learning and Deep Learning\Projects\YOLO\Implementing_YOLO\Scrap\IMG_20200416_160200.jpg,ceramic,640,480,208,133,420,332,0.8666666666666667,0.65
25,E:\Developer\Machine Learning and Deep Learning\Projects\YOLO\Implementing_YOLO\Scrap\IMG_20200416_160217.jpg,ceramic,640,480,191,139,389,357,0.8666666666666667,0.65
26,E:\Developer\Machine Learning and Deep Learning\Projects\YOLO\Implementing_YOLO\Scrap\IMG_20200416_163604.jpg,wrapper,640,480,118,8,548,344,0.8666666666666667,0.65
27,E:\Developer\Machine Learning and Deep Learning\Projects\YOLO\Implementing_YOLO\Scrap\IMG_20200414_132938.jpg,rubber,640,480,182,212,441,472,0.8666666666666667,0.65
28,E:\Developer\Machine Learning and Deep Learning\Projects\YOLO\Implementing_YOLO\Scrap\IMG_20200414_132354.jpg,metal,640,480,133,99,309,290,0.8666666666666667,0.65
29,E:\Developer\Machine Learning and Deep Learning\Projects\YOLO\Implementing_YOLO\Scrap\IMG_20200414_132354.jpg,paper,640,480,322,120,617,350,0.8666666666666667,0.65
30,E:\Developer\Machine Learning and Deep Learning\Projects\YOLO\Implementing_YOLO\Scrap\IMG_20200414_132102.jpg,paper,640,480,187,57,487,345,0.8666666666666667,0.65
31,E:\Developer\Machine Learning and Deep Learning\Projects\YOLO\Implementing_YOLO\Scrap\IMG_20200416_152648.jpg,metal,640,480,196,76,333,284,0.8666666666666667,0.65
32,E:\Developer\Machine Learning and Deep Learning\Projects\YOLO\Implementing_YOLO\Scrap\IMG_20200416_152648.jpg,paper,640,480,385,2,558,145,0.8666666666666667,0.65
33,E:\Developer\Machine Learning and Deep Learning\Projects\YOLO\Implementing_YOLO\Scrap\IMG_20200414_132043.jpg,paper,640,480,91,229,267,415,0.8666666666666667,0.65
34,E:\Developer\Machine Learning and Deep Learning\Projects\YOLO\Implementing_YOLO\Scrap\IMG_20200414_132043.jpg,paper,640,480,355,105,500,263,0.8666666666666667,0.65
35,E:\Developer\Machine Learning and Deep Learning\Projects\YOLO\Implementing_YOLO\Scrap\IMG_20200414_132043.jpg,metal,640,480,445,268,572,388,0.8666666666666667,0.65
36,E:\Developer\Machine Learning and Deep Learning\Projects\YOLO\Implementing_YOLO\Scrap\IMG_20200415_185225.jpg,plastic,640,480,27,82,386,445,0.8666666666666667,0.65
37,E:\Developer\Machine Learning and Deep Learning\Projects\YOLO\Implementing_YOLO\Scrap\IMG_20200416_160224.jpg,ceramic,640,480,206,63,472,318,0.8666666666666667,0.65
38,E:\Developer\Machine Learning and Deep Learning\Projects\YOLO\Implementing_YOLO\Scrap\IMG_20200416_152517.jpg,plastic,640,480,300,161,430,260,0.8666666666666667,0.65
39,E:\Developer\Machine Learning and Deep Learning\Projects\YOLO\Implementing_YOLO\Scrap\IMG_20200416_163613.jpg,wrapper,640,480,106,37,502,402,0.8666666666666667,0.65
40,E:\Developer\Machine Learning and Deep Learning\Projects\YOLO\Implementing_YOLO\Scrap\IMG_20200415_170540.jpg,metal,640,480,294,110,468,364,0.8666666666666667,0.65
41,E:\Developer\Machine Learning and Deep Learning\Projects\YOLO\Implementing_YOLO\Scrap\IMG_20200416_160157.jpg,ceramic,640,480,157,68,384,285,0.8666666666666667,0.65
42,E:\Developer\Machine Learning and Deep Learning\Projects\YOLO\Implementing_YOLO\Scrap\IMG_20200414_132426.jpg,metal,640,480,187,128,394,302,0.8666666666666667,0.65
43,E:\Developer\Machine Learning and Deep Learning\Projects\YOLO\Implementing_YOLO\Scrap\IMG_20200415_170548.jpg,metal,640,480,264,23,536,374,0.8666666666666667,0.65
44,E:\Developer\Machine Learning and Deep Learning\Projects\YOLO\Implementing_YOLO\Scrap\IMG_20200414_132944.jpg,rubber,640,480,342,105,503,379,0.8666666666666667,0.65
45,E:\Developer\Machine Learning and Deep Learning\Projects\YOLO\Implementing_YOLO\Scrap\IMG_20200416_164740.jpg,wrapper,640,480,164,90,429,324,0.8666666666666667,0.65
46,E:\Developer\Machine Learning and Deep Learning\Projects\YOLO\Implementing_YOLO\Scrap\IMG_20200416_160211_1.jpg,ceramic,640,480,213,121,389,326,0.8666666666666667,0.65
47,E:\Developer\Machine Learning and Deep Learning\Projects\YOLO\Implementing_YOLO\Scrap\IMG_20200416_160142.jpg,ceramic,640,480,289,47,462,233,0.8666666666666667,0.65
48,E:\Developer\Machine Learning and Deep Learning\Projects\YOLO\Implementing_YOLO\Scrap\IMG_20200416_160218.jpg,ceramic,640,480,148,37,423,270,0.8666666666666667,0.65
49,E:\Developer\Machine Learning and Deep Learning\Projects\YOLO\Implementing_YOLO\Scrap\IMG_20200414_132123.jpg,paper,640,480,169,2,500,310,0.8666666666666667,0.65
50,E:\Developer\Machine Learning and Deep Learning\Projects\YOLO\Implementing_YOLO\Scrap\IMG_20200414_132528.jpg,metal,640,480,330,123,472,326,0.8666666666666667,0.65
51,E:\Developer\Machine Learning and Deep Learning\Projects\YOLO\Implementing_YOLO\Scrap\IMG_20200414_132325.jpg,metal,640,480,282,161,394,265,0.8666666666666667,0.65
52,E:\Developer\Machine Learning and Deep Learning\Projects\YOLO\Implementing_YOLO\Scrap\IMG_20200414_132325.jpg,paper,640,480,5,119,139,301,0.8666666666666667,0.65
53,E:\Developer\Machine Learning and Deep Learning\Projects\YOLO\Implementing_YOLO\Scrap\IMG_20200416_160126.jpg,ceramic,640,480,213,79,341,248,0.8666666666666667,0.65
54,E:\Developer\Machine Learning and Deep Learning\Projects\YOLO\Implementing_YOLO\Scrap\IMG_20200416_163600.jpg,wrapper,640,480,185,132,434,436,0.8666666666666667,0.65
55,E:\Developer\Machine Learning and Deep Learning\Projects\YOLO\Implementing_YOLO\Scrap\IMG_20200416_164801.jpg,wrapper,640,480,253,81,461,245,0.8666666666666667,0.65
56,E:\Developer\Machine Learning and Deep Learning\Projects\YOLO\Implementing_YOLO\Scrap\IMG_20200415_185212.jpg,plastic,640,480,105,65,349,252,0.8666666666666667,0.65
57,E:\Developer\Machine Learning and Deep Learning\Projects\YOLO\Implementing_YOLO\Scrap\IMG_20200416_160205.jpg,ceramic,640,480,211,176,383,332,0.8666666666666667,0.65
58,E:\Developer\Machine Learning and Deep Learning\Projects\YOLO\Implementing_YOLO\Scrap\IMG_20200414_132240.jpg,metal,640,480,255,131,364,249,0.8666666666666667,0.65
59,E:\Developer\Machine Learning and Deep Learning\Projects\YOLO\Implementing_YOLO\Scrap\IMG_20200416_152653.jpg,paper,640,480,141,214,267,348,0.8666666666666667,0.65
60,E:\Developer\Machine Learning and Deep Learning\Projects\YOLO\Implementing_YOLO\Scrap\IMG_20200416_152653.jpg,paper,640,480,489,24,609,179,0.8666666666666667,0.65
61,E:\Developer\Machine Learning and Deep Learning\Projects\YOLO\Implementing_YOLO\Scrap\IMG_20200416_152653.jpg,metal,640,480,4,166,96,289,0.8666666666666667,0.65
62,E:\Developer\Machine Learning and Deep Learning\Projects\YOLO\Implementing_YOLO\Scrap\IMG_20200414_132303.jpg,metal,640,480,191,172,304,328,0.8666666666666667,0.65
63,E:\Developer\Machine Learning and Deep Learning\Projects\YOLO\Implementing_YOLO\Scrap\IMG_20200414_132303.jpg,paper,640,480,339,150,512,277,0.8666666666666667,0.65
64,E:\Developer\Machine Learning and Deep Learning\Projects\YOLO\Implementing_YOLO\Scrap\IMG_20200415_170535.jpg,metal,640,480,246,85,433,311,0.8666666666666667,0.65
65,E:\Developer\Machine Learning and Deep Learning\Projects\YOLO\Implementing_YOLO\Scrap\IMG_20200415_170634.jpg,metal,640,480,237,31,455,325,0.8666666666666667,0.65
66,E:\Developer\Machine Learning and Deep Learning\Projects\YOLO\Implementing_YOLO\Scrap\IMG_20200416_152643.jpg,plastic,640,480,143,71,333,362,0.8666666666666667,0.65
67,E:\Developer\Machine Learning and Deep Learning\Projects\YOLO\Implementing_YOLO\Scrap\IMG_20200416_163559.jpg,wrapper,640,480,149,117,482,400,0.8666666666666667,0.65
68,E:\Developer\Machine Learning and Deep Learning\Projects\YOLO\Implementing_YOLO\Scrap\IMG_20200414_132430.jpg,metal,640,480,425,116,532,237,0.8666666666666667,0.65
69,E:\Developer\Machine Learning and Deep Learning\Projects\YOLO\Implementing_YOLO\Scrap\IMG_20200416_163522.jpg,wrapper,640,480,75,103,369,357,0.8666666666666667,0.65
70,E:\Developer\Machine Learning and Deep Learning\Projects\YOLO\Implementing_YOLO\Scrap\IMG_20200414_132253.jpg,paper,640,480,117,149,427,364,0.8666666666666667,0.65
71,E:\Developer\Machine Learning and Deep Learning\Projects\YOLO\Implementing_YOLO\Scrap\IMG_20200416_160328.jpg,ceramic,640,480,162,127,325,285,0.8666666666666667,0.65
72,E:\Developer\Machine Learning and Deep Learning\Projects\YOLO\Implementing_YOLO\Scrap\IMG_20200415_170636.jpg,metal,640,480,163,33,384,390,0.8666666666666667,0.65
73,E:\Developer\Machine Learning and Deep Learning\Projects\YOLO\Implementing_YOLO\Scrap\IMG_20200416_152639.jpg,plastic,640,480,195,48,640,446,0.8666666666666667,0.65
74,E:\Developer\Machine Learning and Deep Learning\Projects\YOLO\Implementing_YOLO\Scrap\IMG_20200416_160309.jpg,ceramic,640,480,151,201,281,340,0.8666666666666667,0.65
75,E:\Developer\Machine Learning and Deep Learning\Projects\YOLO\Implementing_YOLO\Scrap\IMG_20200416_163545.jpg,wrapper,640,480,213,175,399,354,0.8666666666666667,0.65
76,E:\Developer\Machine Learning and Deep Learning\Projects\YOLO\Implementing_YOLO\Scrap\IMG_20200415_185227.jpg,plastic,640,480,136,125,399,455,0.8666666666666667,0.65
77,E:\Developer\Machine Learning and Deep Learning\Projects\YOLO\Implementing_YOLO\Scrap\IMG_20200415_170545.jpg,metal,640,480,143,99,418,298,0.8666666666666667,0.65
78,E:\Developer\Machine Learning and Deep Learning\Projects\YOLO\Implementing_YOLO\Scrap\IMG_20200416_152453.jpg,plastic,640,480,320,113,509,301,0.8666666666666667,0.65
79,E:\Developer\Machine Learning and Deep Learning\Projects\YOLO\Implementing_YOLO\Scrap\IMG_20200416_152641.jpg,plastic,640,480,111,74,546,400,0.8666666666666667,0.65
80,E:\Developer\Machine Learning and Deep Learning\Projects\YOLO\Implementing_YOLO\Scrap\IMG_20200416_152451.jpg,plastic,640,480,157,103,334,297,0.8666666666666667,0.65
81,E:\Developer\Machine Learning and Deep Learning\Projects\YOLO\Implementing_YOLO\Scrap\IMG_20200416_163646.jpg,wrapper,640,480,257,143,513,352,0.8666666666666667,0.65
82,E:\Developer\Machine Learning and Deep Learning\Projects\YOLO\Implementing_YOLO\Scrap\IMG_20200414_132745.jpg,plastic,640,480,208,130,502,302,0.8666666666666667,0.65
83,E:\Developer\Machine Learning and Deep Learning\Projects\YOLO\Implementing_YOLO\Scrap\IMG_20200414_132236.jpg,paper,640,480,171,116,403,340,0.8666666666666667,0.65
84,E:\Developer\Machine Learning and Deep Learning\Projects\YOLO\Implementing_YOLO\Scrap\IMG_20200416_152444.jpg,plastic,640,480,162,81,382,302,0.8666666666666667,0.65
85,E:\Developer\Machine Learning and Deep Learning\Projects\YOLO\Implementing_YOLO\Scrap\IMG_20200416_160225.jpg,ceramic,640,480,178,121,444,346,0.8666666666666667,0.65
86,E:\Developer\Machine Learning and Deep Learning\Projects\YOLO\Implementing_YOLO\Scrap\IMG_20200414_132059.jpg,metal,640,480,139,179,323,407,0.8666666666666667,0.65
87,E:\Developer\Machine Learning and Deep Learning\Projects\YOLO\Implementing_YOLO\Scrap\IMG_20200414_132059.jpg,paper,640,480,296,49,498,246,0.8666666666666667,0.65
88,E:\Developer\Machine Learning and Deep Learning\Projects\YOLO\Implementing_YOLO\Scrap\IMG_20200414_132059.jpg,paper,640,480,28,10,193,160,0.8666666666666667,0.65
89,E:\Developer\Machine Learning and Deep Learning\Projects\YOLO\Implementing_YOLO\Scrap\IMG_20200416_152521.jpg,plastic,640,480,27,109,420,376,0.8666666666666667,0.65
90,E:\Developer\Machine Learning and Deep Learning\Projects\YOLO\Implementing_YOLO\Scrap\IMG_20200416_160459.jpg,ceramic,640,480,285,196,387,298,0.8666666666666667,0.65
91,E:\Developer\Machine Learning and Deep Learning\Projects\YOLO\Implementing_YOLO\Scrap\IMG_20200416_160136.jpg,ceramic,640,480,231,63,419,276,0.8666666666666667,0.65
92,E:\Developer\Machine Learning and Deep Learning\Projects\YOLO\Implementing_YOLO\Scrap\IMG_20200416_160209.jpg,ceramic,640,480,200,112,415,367,0.8666666666666667,0.65
93,E:\Developer\Machine Learning and Deep Learning\Projects\YOLO\Implementing_YOLO\Scrap\IMG_20200416_163637.jpg,wrapper,640,480,101,17,445,386,0.8666666666666667,0.65
94,E:\Developer\Machine Learning and Deep Learning\Projects\YOLO\Implementing_YOLO\Scrap\IMG_20200415_185159.jpg,plastic,640,480,116,156,409,365,0.8666666666666667,0.65
95,E:\Developer\Machine Learning and Deep Learning\Projects\YOLO\Implementing_YOLO\Scrap\IMG_20200415_170602.jpg,metal,640,480,259,125,439,357,0.8666666666666667,0.65
96,E:\Developer\Machine Learning and Deep Learning\Projects\YOLO\Implementing_YOLO\Scrap\IMG_20200416_160139.jpg,ceramic,640,480,189,91,350,291,0.8666666666666667,0.65
97,E:\Developer\Machine Learning and Deep Learning\Projects\YOLO\Implementing_YOLO\Scrap\IMG_20200416_163541.jpg,wrapper,640,480,230,250,450,457,0.8666666666666667,0.65
98,E:\Developer\Machine Learning and Deep Learning\Projects\YOLO\Implementing_YOLO\Scrap\IMG_20200416_152658.jpg,metal,640,480,347,81,484,238,0.8666666666666667,0.65
99,E:\Developer\Machine Learning and Deep Learning\Projects\YOLO\Implementing_YOLO\Scrap\IMG_20200414_132106.jpg,paper,640,480,183,148,365,345,0.8666666666666667,0.65
100,E:\Developer\Machine Learning and Deep Learning\Projects\YOLO\Implementing_YOLO\Scrap\IMG_20200414_132106.jpg,paper,640,480,434,49,597,196,0.8666666666666667,0.65
101,E:\Developer\Machine Learning and Deep Learning\Projects\YOLO\Implementing_YOLO\Scrap\IMG_20200414_132106.jpg,metal,640,480,564,139,640,309,0.8666666666666667,0.65
102,E:\Developer\Machine Learning and Deep Learning\Projects\YOLO\Implementing_YOLO\Scrap\IMG_20200416_160333.jpg,ceramic,640,480,144,176,319,323,0.8666666666666667,0.65
103,E:\Developer\Machine Learning and Deep Learning\Projects\YOLO\Implementing_YOLO\Scrap\IMG_20200414_132318.jpg,paper,640,480,124,127,393,364,0.8666666666666667,0.65
104,E:\Developer\Machine Learning and Deep Learning\Projects\YOLO\Implementing_YOLO\Scrap\IMG_20200416_160251.jpg,ceramic,640,480,198,97,406,334,0.8666666666666667,0.65
105,E:\Developer\Machine Learning and Deep Learning\Projects\YOLO\Implementing_YOLO\Scrap\IMG_20200416_164833.jpg,wrapper,640,480,155,150,432,423,0.8666666666666667,0.65
106,E:\Developer\Machine Learning and Deep Learning\Projects\YOLO\Implementing_YOLO\Scrap\IMG_20200414_132952.jpg,rubber,640,480,171,186,452,321,0.8666666666666667,0.65
107,E:\Developer\Machine Learning and Deep Learning\Projects\YOLO\Implementing_YOLO\Scrap\IMG_20200414_132305.jpg,paper,640,480,159,184,306,291,0.8666666666666667,0.65
108,E:\Developer\Machine Learning and Deep Learning\Projects\YOLO\Implementing_YOLO\Scrap\IMG_20200414_132305.jpg,paper,640,480,435,178,585,364,0.8666666666666667,0.65
109,E:\Developer\Machine Learning and Deep Learning\Projects\YOLO\Implementing_YOLO\Scrap\IMG_20200414_132305.jpg,metal,640,480,23,223,127,341,0.8666666666666667,0.65
110,E:\Developer\Machine Learning and Deep Learning\Projects\YOLO\Implementing_YOLO\Scrap\IMG_20200414_132740.jpg,plastic,640,480,146,209,461,434,0.8666666666666667,0.65
111,E:\Developer\Machine Learning and Deep Learning\Projects\YOLO\Implementing_YOLO\Scrap\IMG_20200416_163538.jpg,wrapper,640,480,116,135,403,371,0.8666666666666667,0.65
112,E:\Developer\Machine Learning and Deep Learning\Projects\YOLO\Implementing_YOLO\Scrap\IMG_20200416_160141.jpg,ceramic,640,480,116,61,316,262,0.8666666666666667,0.65
113,E:\Developer\Machine Learning and Deep Learning\Projects\YOLO\Implementing_YOLO\Scrap\IMG_20200414_132210.jpg,paper,640,480,174,83,429,282,0.8666666666666667,0.65
114,E:\Developer\Machine Learning and Deep Learning\Projects\YOLO\Implementing_YOLO\Scrap\IMG_20200416_152505.jpg,plastic,640,480,215,110,512,326,0.8666666666666667,0.65
115,E:\Developer\Machine Learning and Deep Learning\Projects\YOLO\Implementing_YOLO\Scrap\IMG_20200416_160208.jpg,ceramic,640,480,139,142,411,355,0.8666666666666667,0.65
116,E:\Developer\Machine Learning and Deep Learning\Projects\YOLO\Implementing_YOLO\Scrap\IMG_20200414_132920.jpg,rubber,640,480,137,225,451,401,0.8666666666666667,0.65
117,E:\Developer\Machine Learning and Deep Learning\Projects\YOLO\Implementing_YOLO\Scrap\IMG_20200416_152503.jpg,plastic,640,480,316,143,622,336,0.8666666666666667,0.65
118,E:\Developer\Machine Learning and Deep Learning\Projects\YOLO\Implementing_YOLO\Scrap\IMG_20200416_160340.jpg,ceramic,640,480,140,73,491,389,0.8666666666666667,0.65
119,E:\Developer\Machine Learning and Deep Learning\Projects\YOLO\Implementing_YOLO\Scrap\IMG_20200416_160229.jpg,ceramic,640,480,305,100,495,309,0.8666666666666667,0.65
120,E:\Developer\Machine Learning and Deep Learning\Projects\YOLO\Implementing_YOLO\Scrap\IMG_20200415_170509.jpg,metal,640,480,201,119,301,264,0.8666666666666667,0.65
121,E:\Developer\Machine Learning and Deep Learning\Projects\YOLO\Implementing_YOLO\Scrap\IMG_20200416_160318.jpg,ceramic,640,480,263,119,438,308,0.8666666666666667,0.65
122,E:\Developer\Machine Learning and Deep Learning\Projects\YOLO\Implementing_YOLO\Scrap\IMG_20200414_132436.jpg,metal,640,480,213,259,336,346,0.8666666666666667,0.65
123,E:\Developer\Machine Learning and Deep Learning\Projects\YOLO\Implementing_YOLO\Scrap\IMG_20200414_132438.jpg,metal,640,480,271,179,340,254,0.8666666666666667,0.65
124,E:\Developer\Machine Learning and Deep Learning\Projects\YOLO\Implementing_YOLO\Scrap\IMG_20200414_132503.jpg,metal,640,480,173,197,327,344,0.8666666666666667,0.65
125,E:\Developer\Machine Learning and Deep Learning\Projects\YOLO\Implementing_YOLO\Scrap\IMG_20200414_132503.jpg,paper,640,480,304,87,489,267,0.8666666666666667,0.65
126,E:\Developer\Machine Learning and Deep Learning\Projects\YOLO\Implementing_YOLO\Scrap\IMG_20200415_185158.jpg,plastic,640,480,154,137,475,340,0.8666666666666667,0.65
127,E:\Developer\Machine Learning and Deep Learning\Projects\YOLO\Implementing_YOLO\Scrap\IMG_20200414_133008.jpg,plastic,640,480,142,14,386,368,0.8666666666666667,0.65
128,E:\Developer\Machine Learning and Deep Learning\Projects\YOLO\Implementing_YOLO\Scrap\IMG_20200414_132204.jpg,metal,640,480,290,170,396,271,0.8666666666666667,0.65
129,E:\Developer\Machine Learning and Deep Learning\Projects\YOLO\Implementing_YOLO\Scrap\IMG_20200416_160332.jpg,ceramic,640,480,155,236,338,407,0.8666666666666667,0.65
130,E:\Developer\Machine Learning and Deep Learning\Projects\YOLO\Implementing_YOLO\Scrap\IMG_20200416_163503.jpg,wrapper,640,480,150,88,470,365,0.8666666666666667,0.65
131,E:\Developer\Machine Learning and Deep Learning\Projects\YOLO\Implementing_YOLO\Scrap\IMG_20200416_163542.jpg,wrapper,640,480,253,206,499,452,0.8666666666666667,0.65
132,E:\Developer\Machine Learning and Deep Learning\Projects\YOLO\Implementing_YOLO\Scrap\IMG_20200414_132949.jpg,rubber,640,480,199,125,458,389,0.8666666666666667,0.65
133,E:\Developer\Machine Learning and Deep Learning\Projects\YOLO\Implementing_YOLO\Scrap\IMG_20200416_160336.jpg,ceramic,640,480,146,100,338,301,0.8666666666666667,0.65
134,E:\Developer\Machine Learning and Deep Learning\Projects\YOLO\Implementing_YOLO\Scrap\IMG_20200416_160220.jpg,ceramic,640,480,181,97,418,321,0.8666666666666667,0.65
135,E:\Developer\Machine Learning and Deep Learning\Projects\YOLO\Implementing_YOLO\Scrap\IMG_20200415_170507.jpg,metal,640,480,275,74,391,244,0.8666666666666667,0.65
136,E:\Developer\Machine Learning and Deep Learning\Projects\YOLO\Implementing_YOLO\Scrap\IMG_20200416_160207.jpg,ceramic,640,480,199,158,382,330,0.8666666666666667,0.65
137,E:\Developer\Machine Learning and Deep Learning\Projects\YOLO\Implementing_YOLO\Scrap\IMG_20200416_163556.jpg,wrapper,640,480,147,125,345,337,0.8666666666666667,0.65
138,E:\Developer\Machine Learning and Deep Learning\Projects\YOLO\Implementing_YOLO\Scrap\IMG_20200414_132448.jpg,paper,640,480,73,171,262,354,0.8666666666666667,0.65
139,E:\Developer\Machine Learning and Deep Learning\Projects\YOLO\Implementing_YOLO\Scrap\IMG_20200414_132448.jpg,paper,640,480,310,146,459,282,0.8666666666666667,0.65
140,E:\Developer\Machine Learning and Deep Learning\Projects\YOLO\Implementing_YOLO\Scrap\IMG_20200415_185214.jpg,plastic,640,480,93,176,449,414,0.8666666666666667,0.65
141,E:\Developer\Machine Learning and Deep Learning\Projects\YOLO\Implementing_YOLO\Scrap\IMG_20200416_163516.jpg,wrapper,640,480,263,122,399,416,0.8666666666666667,0.65
142,E:\Developer\Machine Learning and Deep Learning\Projects\YOLO\Implementing_YOLO\Scrap\IMG_20200416_160244.jpg,ceramic,640,480,251,97,395,286,0.8666666666666667,0.65
143,E:\Developer\Machine Learning and Deep Learning\Projects\YOLO\Implementing_YOLO\Scrap\IMG_20200415_185217.jpg,plastic,640,480,96,154,331,431,0.8666666666666667,0.65
144,E:\Developer\Machine Learning and Deep Learning\Projects\YOLO\Implementing_YOLO\Scrap\IMG_20200416_164756.jpg,wrapper,640,480,240,181,374,306,0.8666666666666667,0.65
145,E:\Developer\Machine Learning and Deep Learning\Projects\YOLO\Implementing_YOLO\Scrap\IMG_20200414_132136.jpg,metal,640,480,290,1,474,241,0.8666666666666667,0.65
146,E:\Developer\Machine Learning and Deep Learning\Projects\YOLO\Implementing_YOLO\Scrap\IMG_20200416_160150.jpg,ceramic,640,480,196,49,444,332,0.8666666666666667,0.65
147,E:\Developer\Machine Learning and Deep Learning\Projects\YOLO\Implementing_YOLO\Scrap\IMG_20200416_160130.jpg,ceramic,640,480,239,138,382,297,0.8666666666666667,0.65
148,E:\Developer\Machine Learning and Deep Learning\Projects\YOLO\Implementing_YOLO\Scrap\IMG_20200416_160144.jpg,ceramic,640,480,265,161,482,383,0.8666666666666667,0.65
149,E:\Developer\Machine Learning and Deep Learning\Projects\YOLO\Implementing_YOLO\Scrap\IMG_20200416_163543_1.jpg,wrapper,640,480,255,125,414,260,0.8666666666666667,0.65
150,E:\Developer\Machine Learning and Deep Learning\Projects\YOLO\Implementing_YOLO\Scrap\IMG_20200414_132946.jpg,rubber,640,480,160,180,314,451,0.8666666666666667,0.65
151,E:\Developer\Machine Learning and Deep Learning\Projects\YOLO\Implementing_YOLO\Scrap\IMG_20200416_164752.jpg,wrapper,640,480,158,80,292,220,0.8666666666666667,0.65
152,E:\Developer\Machine Learning and Deep Learning\Projects\YOLO\Implementing_YOLO\Scrap\IMG_20200414_132754.jpg,plastic,640,480,81,38,517,342,0.8666666666666667,0.65
153,E:\Developer\Machine Learning and Deep Learning\Projects\YOLO\Implementing_YOLO\Scrap\IMG_20200414_132457.jpg,paper,640,480,229,210,394,339,0.8666666666666667,0.65
154,E:\Developer\Machine Learning and Deep Learning\Projects\YOLO\Implementing_YOLO\Scrap\IMG_20200414_132215.jpg,paper,640,480,334,223,504,382,0.8666666666666667,0.65
155,E:\Developer\Machine Learning and Deep Learning\Projects\YOLO\Implementing_YOLO\Scrap\IMG_20200414_132215.jpg,paper,640,480,140,189,254,288,0.8666666666666667,0.65
156,E:\Developer\Machine Learning and Deep Learning\Projects\YOLO\Implementing_YOLO\Scrap\IMG_20200414_132053.jpg,paper,640,480,70,142,235,317,0.8666666666666667,0.65
157,E:\Developer\Machine Learning and Deep Learning\Projects\YOLO\Implementing_YOLO\Scrap\IMG_20200414_132053.jpg,paper,640,480,367,83,513,291,0.8666666666666667,0.65
158,E:\Developer\Machine Learning and Deep Learning\Projects\YOLO\Implementing_YOLO\Scrap\IMG_20200414_132053.jpg,metal,640,480,386,310,509,429,0.8666666666666667,0.65
159,E:\Developer\Machine Learning and Deep Learning\Projects\YOLO\Implementing_YOLO\Scrap\IMG_20200416_152523.jpg,plastic,640,480,70,109,433,329,0.8666666666666667,0.65
160,E:\Developer\Machine Learning and Deep Learning\Projects\YOLO\Implementing_YOLO\Scrap\IMG_20200414_132057.jpg,metal,640,480,276,146,462,404,0.8666666666666667,0.65
161,E:\Developer\Machine Learning and Deep Learning\Projects\YOLO\Implementing_YOLO\Scrap\IMG_20200414_132057.jpg,paper,640,480,178,78,285,258,0.8666666666666667,0.65
162,E:\Developer\Machine Learning and Deep Learning\Projects\YOLO\Implementing_YOLO\Scrap\IMG_20200414_132525.jpg,paper,640,480,163,64,378,257,0.8666666666666667,0.65
163,E:\Developer\Machine Learning and Deep Learning\Projects\YOLO\Implementing_YOLO\Scrap\IMG_20200414_132534.jpg,metal,640,480,373,318,484,450,0.8666666666666667,0.65
164,E:\Developer\Machine Learning and Deep Learning\Projects\YOLO\Implementing_YOLO\Scrap\IMG_20200414_132534.jpg,paper,640,480,136,27,291,161,0.8666666666666667,0.65
165,E:\Developer\Machine Learning and Deep Learning\Projects\YOLO\Implementing_YOLO\Scrap\IMG_20200416_160302.jpg,ceramic,640,480,148,54,374,261,0.8666666666666667,0.65
166,E:\Developer\Machine Learning and Deep Learning\Projects\YOLO\Implementing_YOLO\Scrap\IMG_20200416_152655.jpg,metal,640,480,283,188,426,364,0.8666666666666667,0.65
167,E:\Developer\Machine Learning and Deep Learning\Projects\YOLO\Implementing_YOLO\Scrap\IMG_20200416_152655.jpg,paper,640,480,492,360,640,479,0.8666666666666667,0.65
168,E:\Developer\Machine Learning and Deep Learning\Projects\YOLO\Implementing_YOLO\Scrap\IMG_20200416_163630.jpg,wrapper,640,480,163,180,387,319,0.8666666666666667,0.65
169,E:\Developer\Machine Learning and Deep Learning\Projects\YOLO\Implementing_YOLO\Scrap\IMG_20200414_132118.jpg,metal,640,480,173,70,349,304,0.8666666666666667,0.65
170,E:\Developer\Machine Learning and Deep Learning\Projects\YOLO\Implementing_YOLO\Scrap\IMG_20200414_132322.jpg,metal,640,480,202,107,378,321,0.8666666666666667,0.65
171,E:\Developer\Machine Learning and Deep Learning\Projects\YOLO\Implementing_YOLO\Scrap\IMG_20200416_160211.jpg,ceramic,640,480,200,112,384,310,0.8666666666666667,0.65
172,E:\Developer\Machine Learning and Deep Learning\Projects\YOLO\Implementing_YOLO\Scrap\IMG_20200414_132456.jpg,paper,640,480,180,161,421,373,0.8666666666666667,0.65
173,E:\Developer\Machine Learning and Deep Learning\Projects\YOLO\Implementing_YOLO\Scrap\IMG_20200416_163631.jpg,wrapper,640,480,237,202,446,350,0.8666666666666667,0.65
174,E:\Developer\Machine Learning and Deep Learning\Projects\YOLO\Implementing_YOLO\Scrap\IMG_20200416_160238.jpg,ceramic,640,480,186,179,329,336,0.8666666666666667,0.65
175,E:\Developer\Machine Learning and Deep Learning\Projects\YOLO\Implementing_YOLO\Scrap\IMG_20200414_132108.jpg,paper,640,480,115,199,277,361,0.8666666666666667,0.65
176,E:\Developer\Machine Learning and Deep Learning\Projects\YOLO\Implementing_YOLO\Scrap\IMG_20200414_132108.jpg,paper,640,480,375,104,493,248,0.8666666666666667,0.65
177,E:\Developer\Machine Learning and Deep Learning\Projects\YOLO\Implementing_YOLO\Scrap\IMG_20200414_132108.jpg,metal,640,480,455,221,575,364,0.8666666666666667,0.65
178,E:\Developer\Machine Learning and Deep Learning\Projects\YOLO\Implementing_YOLO\Scrap\IMG_20200416_164835.jpg,wrapper,640,480,253,21,491,238,0.8666666666666667,0.65
179,E:\Developer\Machine Learning and Deep Learning\Projects\YOLO\Implementing_YOLO\Scrap\IMG_20200415_185140.jpg,plastic,640,480,91,45,473,282,0.8666666666666667,0.65
180,E:\Developer\Machine Learning and Deep Learning\Projects\YOLO\Implementing_YOLO\Scrap\IMG_20200414_132709.jpg,plastic,640,480,76,163,441,391,0.8666666666666667,0.65
181,E:\Developer\Machine Learning and Deep Learning\Projects\YOLO\Implementing_YOLO\Scrap\IMG_20200414_132217.jpg,paper,640,480,136,96,383,347,0.8666666666666667,0.65
182,E:\Developer\Machine Learning and Deep Learning\Projects\YOLO\Implementing_YOLO\Scrap\IMG_20200416_152421.jpg,plastic,640,480,155,127,401,351,0.8666666666666667,0.65
183,E:\Developer\Machine Learning and Deep Learning\Projects\YOLO\Implementing_YOLO\Scrap\IMG_20200416_160342.jpg,ceramic,640,480,193,177,445,406,0.8666666666666667,0.65
184,E:\Developer\Machine Learning and Deep Learning\Projects\YOLO\Implementing_YOLO\Scrap\IMG_20200414_133001.jpg,plastic,640,480,95,70,539,337,0.8666666666666667,0.65
185,E:\Developer\Machine Learning and Deep Learning\Projects\YOLO\Implementing_YOLO\Scrap\IMG_20200416_152434.jpg,plastic,640,480,109,62,417,295,0.8666666666666667,0.65
186,E:\Developer\Machine Learning and Deep Learning\Projects\YOLO\Implementing_YOLO\Scrap\IMG_20200414_132948.jpg,rubber,640,480,222,134,368,376,0.8666666666666667,0.65
187,E:\Developer\Machine Learning and Deep Learning\Projects\YOLO\Implementing_YOLO\Scrap\IMG_20200416_160343.jpg,ceramic,640,480,178,63,430,297,0.8666666666666667,0.65
188,E:\Developer\Machine Learning and Deep Learning\Projects\YOLO\Implementing_YOLO\Scrap\IMG_20200415_170606.jpg,metal,640,480,247,75,486,388,0.8666666666666667,0.65
189,E:\Developer\Machine Learning and Deep Learning\Projects\YOLO\Implementing_YOLO\Scrap\IMG_20200415_185206.jpg,plastic,640,480,100,91,443,292,0.8666666666666667,0.65
190,E:\Developer\Machine Learning and Deep Learning\Projects\YOLO\Implementing_YOLO\Scrap\IMG_20200416_163627.jpg,wrapper,640,480,313,227,456,390,0.8666666666666667,0.65
191,E:\Developer\Machine Learning and Deep Learning\Projects\YOLO\Implementing_YOLO\Scrap\IMG_20200416_152513.jpg,plastic,640,480,280,130,548,329,0.8666666666666667,0.65
192,E:\Developer\Machine Learning and Deep Learning\Projects\YOLO\Implementing_YOLO\Scrap\IMG_20200416_160449.jpg,ceramic,640,480,216,114,420,314,0.8666666666666667,0.65
193,E:\Developer\Machine Learning and Deep Learning\Projects\YOLO\Implementing_YOLO\Scrap\IMG_20200416_163536.jpg,wrapper,640,480,159,109,401,322,0.8666666666666667,0.65
194,E:\Developer\Machine Learning and Deep Learning\Projects\YOLO\Implementing_YOLO\Scrap\IMG_20200414_132207.jpg,metal,640,480,174,43,299,211,0.8666666666666667,0.65
195,E:\Developer\Machine Learning and Deep Learning\Projects\YOLO\Implementing_YOLO\Scrap\IMG_20200416_160444.jpg,ceramic,640,480,155,151,352,311,0.8666666666666667,0.65
196,E:\Developer\Machine Learning and Deep Learning\Projects\YOLO\Implementing_YOLO\Scrap\IMG_20200416_164803.jpg,wrapper,640,480,242,152,439,308,0.8666666666666667,0.65
197,E:\Developer\Machine Learning and Deep Learning\Projects\YOLO\Implementing_YOLO\Scrap\IMG_20200414_132238.jpg,paper,640,480,261,149,448,330,0.8666666666666667,0.65
198,E:\Developer\Machine Learning and Deep Learning\Projects\YOLO\Implementing_YOLO\Scrap\IMG_20200416_160320.jpg,ceramic,640,480,289,59,487,245,0.8666666666666667,0.65
199,E:\Developer\Machine Learning and Deep Learning\Projects\YOLO\Implementing_YOLO\Scrap\IMG_20200414_132934.jpg,rubber,640,480,122,154,401,474,0.8666666666666667,0.65
200,E:\Developer\Machine Learning and Deep Learning\Projects\YOLO\Implementing_YOLO\Scrap\IMG_20200415_185155.jpg,plastic,640,480,209,136,451,373,0.8666666666666667,0.65
201,E:\Developer\Machine Learning and Deep Learning\Projects\YOLO\Implementing_YOLO\Scrap\IMG_20200415_185215.jpg,plastic,640,480,80,181,446,404,0.8666666666666667,0.65
202,E:\Developer\Machine Learning and Deep Learning\Projects\YOLO\Implementing_YOLO\Scrap\IMG_20200415_170616.jpg,metal,640,480,296,57,500,342,0.8666666666666667,0.65
203,E:\Developer\Machine Learning and Deep Learning\Projects\YOLO\Implementing_YOLO\Scrap\IMG_20200416_160455.jpg,ceramic,640,480,290,200,418,336,0.8666666666666667,0.65
204,E:\Developer\Machine Learning and Deep Learning\Projects\YOLO\Implementing_YOLO\Scrap\IMG_20200416_152650.jpg,paper,640,480,152,128,325,316,0.8666666666666667,0.65
205,E:\Developer\Machine Learning and Deep Learning\Projects\YOLO\Implementing_YOLO\Scrap\IMG_20200415_170516.jpg,metal,640,480,323,135,441,303,0.8666666666666667,0.65
206,E:\Developer\Machine Learning and Deep Learning\Projects\YOLO\Implementing_YOLO\Scrap\IMG_20200414_132941.jpg,rubber,640,480,195,133,472,308,0.8666666666666667,0.65
207,E:\Developer\Machine Learning and Deep Learning\Projects\YOLO\Implementing_YOLO\Scrap\IMG_20200415_170521.jpg,metal,640,480,242,95,393,293,0.8666666666666667,0.65
208,E:\Developer\Machine Learning and Deep Learning\Projects\YOLO\Implementing_YOLO\Scrap\IMG_20200414_132413.jpg,paper,640,480,294,138,529,380,0.8666666666666667,0.65
209,E:\Developer\Machine Learning and Deep Learning\Projects\YOLO\Implementing_YOLO\Scrap\IMG_20200416_160337.jpg,ceramic,640,480,213,31,414,227,0.8666666666666667,0.65
210,E:\Developer\Machine Learning and Deep Learning\Projects\YOLO\Implementing_YOLO\Scrap\IMG_20200415_185142.jpg,plastic,640,480,251,104,455,380,0.8666666666666667,0.65
211,E:\Developer\Machine Learning and Deep Learning\Projects\YOLO\Implementing_YOLO\Scrap\IMG_20200416_163633.jpg,wrapper,640,480,195,83,364,302,0.8666666666666667,0.65
212,E:\Developer\Machine Learning and Deep Learning\Projects\YOLO\Implementing_YOLO\Scrap\IMG_20200414_132257.jpg,paper,640,480,36,195,236,362,0.8666666666666667,0.65
213,E:\Developer\Machine Learning and Deep Learning\Projects\YOLO\Implementing_YOLO\Scrap\IMG_20200414_132257.jpg,paper,640,480,436,176,637,347,0.8666666666666667,0.65
214,E:\Developer\Machine Learning and Deep Learning\Projects\YOLO\Implementing_YOLO\Scrap\IMG_20200414_132213.jpg,paper,640,480,224,93,473,356,0.8666666666666667,0.65
215,E:\Developer\Machine Learning and Deep Learning\Projects\YOLO\Implementing_YOLO\Scrap\IMG_20200416_164742.jpg,wrapper,640,480,185,229,401,368,0.8666666666666667,0.65
216,E:\Developer\Machine Learning and Deep Learning\Projects\YOLO\Implementing_YOLO\Scrap\IMG_20200416_163507.jpg,wrapper,640,480,251,240,468,461,0.8666666666666667,0.65
217,E:\Developer\Machine Learning and Deep Learning\Projects\YOLO\Implementing_YOLO\Scrap\IMG_20200416_163606.jpg,wrapper,640,480,169,16,491,401,0.8666666666666667,0.65
218,E:\Developer\Machine Learning and Deep Learning\Projects\YOLO\Implementing_YOLO\Scrap\IMG_20200415_185146.jpg,plastic,640,480,135,69,510,430,0.8666666666666667,0.65
219,E:\Developer\Machine Learning and Deep Learning\Projects\YOLO\Implementing_YOLO\Scrap\IMG_20200415_170627.jpg,metal,640,480,186,157,335,318,0.8666666666666667,0.65
220,E:\Developer\Machine Learning and Deep Learning\Projects\YOLO\Implementing_YOLO\Scrap\IMG_20200414_132929.jpg,rubber,640,480,279,263,467,477,0.8666666666666667,0.65
221,E:\Developer\Machine Learning and Deep Learning\Projects\YOLO\Implementing_YOLO\Scrap\IMG_20200416_160257.jpg,ceramic,640,480,282,82,458,302,0.8666666666666667,0.65
222,E:\Developer\Machine Learning and Deep Learning\Projects\YOLO\Implementing_YOLO\Scrap\IMG_20200416_163647.jpg,wrapper,640,480,157,129,432,396,0.8666666666666667,0.65
223,E:\Developer\Machine Learning and Deep Learning\Projects\YOLO\Implementing_YOLO\Scrap\IMG_20200414_132428.jpg,metal,640,480,226,28,398,169,0.8666666666666667,0.65
224,E:\Developer\Machine Learning and Deep Learning\Projects\YOLO\Implementing_YOLO\Scrap\IMG_20200415_170618.jpg,metal,640,480,147,76,345,346,0.8666666666666667,0.65
225,E:\Developer\Machine Learning and Deep Learning\Projects\YOLO\Implementing_YOLO\Scrap\IMG_20200414_132332.jpg,paper,640,480,101,198,259,362,0.8666666666666667,0.65
226,E:\Developer\Machine Learning and Deep Learning\Projects\YOLO\Implementing_YOLO\Scrap\IMG_20200414_132332.jpg,metal,640,480,387,273,487,388,0.8666666666666667,0.65
227,E:\Developer\Machine Learning and Deep Learning\Projects\YOLO\Implementing_YOLO\Scrap\IMG_20200416_160202.jpg,ceramic,640,480,205,171,379,337,0.8666666666666667,0.65
228,E:\Developer\Machine Learning and Deep Learning\Projects\YOLO\Implementing_YOLO\Scrap\IMG_20200416_160210.jpg,ceramic,640,480,175,124,439,382,0.8666666666666667,0.65
229,E:\Developer\Machine Learning and Deep Learning\Projects\YOLO\Implementing_YOLO\Scrap\IMG_20200415_185223.jpg,plastic,640,480,62,170,349,450,0.8666666666666667,0.65
230,E:\Developer\Machine Learning and Deep Learning\Projects\YOLO\Implementing_YOLO\Scrap\IMG_20200416_163519.jpg,wrapper,640,480,189,155,419,384,0.8666666666666667,0.65
231,E:\Developer\Machine Learning and Deep Learning\Projects\YOLO\Implementing_YOLO\Scrap\IMG_20200415_170525.jpg,metal,640,480,241,156,373,330,0.8666666666666667,0.65
232,E:\Developer\Machine Learning and Deep Learning\Projects\YOLO\Implementing_YOLO\Scrap\IMG_20200414_132521.jpg,metal,640,480,255,225,376,345,0.8666666666666667,0.65
233,E:\Developer\Machine Learning and Deep Learning\Projects\YOLO\Implementing_YOLO\Scrap\IMG_20200416_163643.jpg,wrapper,640,480,155,33,536,406,0.8666666666666667,0.65
234,E:\Developer\Machine Learning and Deep Learning\Projects\YOLO\Implementing_YOLO\Scrap\IMG_20200416_152443.jpg,plastic,640,480,226,57,472,337,0.8666666666666667,0.65
235,E:\Developer\Machine Learning and Deep Learning\Projects\YOLO\Implementing_YOLO\Scrap\IMG_20200415_170553.jpg,metal,640,480,224,23,442,321,0.8666666666666667,0.65
236,E:\Developer\Machine Learning and Deep Learning\Projects\YOLO\Implementing_YOLO\Scrap\IMG_20200415_185202.jpg,plastic,640,480,209,107,452,348,0.8666666666666667,0.65
237,E:\Developer\Machine Learning and Deep Learning\Projects\YOLO\Implementing_YOLO\Scrap\IMG_20200414_132407.jpg,metal,640,480,291,104,440,299,0.8666666666666667,0.65
238,E:\Developer\Machine Learning and Deep Learning\Projects\YOLO\Implementing_YOLO\Scrap\IMG_20200416_152646.jpg,metal,640,480,38,63,170,216,0.8666666666666667,0.65
239,E:\Developer\Machine Learning and Deep Learning\Projects\YOLO\Implementing_YOLO\Scrap\IMG_20200416_152646.jpg,paper,640,480,239,59,404,207,0.8666666666666667,0.65
240,E:\Developer\Machine Learning and Deep Learning\Projects\YOLO\Implementing_YOLO\Scrap\IMG_20200415_170510.jpg,metal,640,480,280,128,382,271,0.8666666666666667,0.65
241,E:\Developer\Machine Learning and Deep Learning\Projects\YOLO\Implementing_YOLO\Scrap\IMG_20200416_163616.jpg,wrapper,640,480,88,81,492,400,0.8666666666666667,0.65
242,E:\Developer\Machine Learning and Deep Learning\Projects\YOLO\Implementing_YOLO\Scrap\IMG_20200416_163539.jpg,wrapper,640,480,169,192,395,409,0.8666666666666667,0.65
243,E:\Developer\Machine Learning and Deep Learning\Projects\YOLO\Implementing_YOLO\Scrap\IMG_20200414_132439.jpg,metal,640,480,268,222,433,387,0.8666666666666667,0.65
244,E:\Developer\Machine Learning and Deep Learning\Projects\YOLO\Implementing_YOLO\Scrap\IMG_20200416_163510.jpg,wrapper,640,480,271,13,588,278,0.8666666666666667,0.65
245,E:\Developer\Machine Learning and Deep Learning\Projects\YOLO\Implementing_YOLO\Scrap\IMG_20200414_132711.jpg,plastic,640,480,141,109,470,311,0.8666666666666667,0.65
246,E:\Developer\Machine Learning and Deep Learning\Projects\YOLO\Implementing_YOLO\Scrap\IMG_20200416_152419.jpg,plastic,640,480,141,77,428,298,0.8666666666666667,0.65
247,E:\Developer\Machine Learning and Deep Learning\Projects\YOLO\Implementing_YOLO\Scrap\IMG_20200414_132202.jpg,metal,640,480,186,92,362,306,0.8666666666666667,0.65
248,E:\Developer\Machine Learning and Deep Learning\Projects\YOLO\Implementing_YOLO\Scrap\IMG_20200414_132529.jpg,paper,640,480,179,109,367,251,0.8666666666666667,0.65
249,E:\Developer\Machine Learning and Deep Learning\Projects\YOLO\Implementing_YOLO\Scrap\IMG_20200414_132923.jpg,rubber,640,480,142,202,414,328,0.8666666666666667,0.65
250,E:\Developer\Machine Learning and Deep Learning\Projects\YOLO\Implementing_YOLO\Scrap\IMG_20200416_160305.jpg,ceramic,640,480,308,101,435,250,0.8666666666666667,0.65
251,E:\Developer\Machine Learning and Deep Learning\Projects\YOLO\Implementing_YOLO\Scrap\IMG_20200415_185204.jpg,plastic,640,480,181,108,568,365,0.8666666666666667,0.65
252,E:\Developer\Machine Learning and Deep Learning\Projects\YOLO\Implementing_YOLO\Scrap\IMG_20200416_160329.jpg,ceramic,640,480,270,93,441,257,0.8666666666666667,0.65
253,E:\Developer\Machine Learning and Deep Learning\Projects\YOLO\Implementing_YOLO\Scrap\IMG_20200416_160131.jpg,ceramic,640,480,152,112,358,351,0.8666666666666667,0.65
254,E:\Developer\Machine Learning and Deep Learning\Projects\YOLO\Implementing_YOLO\Scrap\IMG_20200414_132939.jpg,rubber,640,480,181,187,498,335,0.8666666666666667,0.65
255,E:\Developer\Machine Learning and Deep Learning\Projects\YOLO\Implementing_YOLO\Scrap\IMG_20200416_152629.jpg,plastic,640,480,169,151,374,382,0.8666666666666667,0.65
256,E:\Developer\Machine Learning and Deep Learning\Projects\YOLO\Implementing_YOLO\Scrap\IMG_20200414_132132.jpg,paper,640,480,297,111,511,340,0.8666666666666667,0.65
257,E:\Developer\Machine Learning and Deep Learning\Projects\YOLO\Implementing_YOLO\Scrap\IMG_20200414_132132.jpg,paper,640,480,52,126,268,298,0.8666666666666667,0.65
258,E:\Developer\Machine Learning and Deep Learning\Projects\YOLO\Implementing_YOLO\Scrap\IMG_20200415_185222.jpg,plastic,640,480,86,107,379,437,0.8666666666666667,0.65
259,E:\Developer\Machine Learning and Deep Learning\Projects\YOLO\Implementing_YOLO\Scrap\IMG_20200414_132231.jpg,paper,640,480,243,70,473,290,0.8666666666666667,0.65
260,E:\Developer\Machine Learning and Deep Learning\Projects\YOLO\Implementing_YOLO\Scrap\IMG_20200416_160209_1.jpg,ceramic,640,480,183,128,381,293,0.8666666666666667,0.65
261,E:\Developer\Machine Learning and Deep Learning\Projects\YOLO\Implementing_YOLO\Scrap\IMG_20200414_132742.jpg,plastic,640,480,123,103,436,388,0.8666666666666667,0.65
262,E:\Developer\Machine Learning and Deep Learning\Projects\YOLO\Implementing_YOLO\Scrap\IMG_20200416_152704.jpg,metal,640,480,200,151,320,312,0.8666666666666667,0.65
263,E:\Developer\Machine Learning and Deep Learning\Projects\YOLO\Implementing_YOLO\Scrap\IMG_20200416_164748.jpg,wrapper,640,480,161,113,328,259,0.8666666666666667,0.65
264,E:\Developer\Machine Learning and Deep Learning\Projects\YOLO\Implementing_YOLO\Scrap\IMG_20200414_132113.jpg,metal,640,480,232,97,424,356,0.8666666666666667,0.65
265,E:\Developer\Machine Learning and Deep Learning\Projects\YOLO\Implementing_YOLO\Scrap\IMG_20200414_132414.jpg,paper,640,480,101,178,357,382,0.8666666666666667,0.65
266,E:\Developer\Machine Learning and Deep Learning\Projects\YOLO\Implementing_YOLO\Scrap\IMG_20200416_163543.jpg,wrapper,640,480,231,71,451,262,0.8666666666666667,0.65
267,E:\Developer\Machine Learning and Deep Learning\Projects\YOLO\Implementing_YOLO\Scrap\IMG_20200414_132733.jpg,plastic,640,480,81,137,427,367,0.8666666666666667,0.65
268,E:\Developer\Machine Learning and Deep Learning\Projects\YOLO\Implementing_YOLO\Scrap\IMG_20200414_132046.jpg,paper,640,480,51,182,275,410,0.8666666666666667,0.65
269,E:\Developer\Machine Learning and Deep Learning\Projects\YOLO\Implementing_YOLO\Scrap\IMG_20200414_132046.jpg,paper,640,480,289,25,448,180,0.8666666666666667,0.65
270,E:\Developer\Machine Learning and Deep Learning\Projects\YOLO\Implementing_YOLO\Scrap\IMG_20200414_132046.jpg,metal,640,480,444,99,585,270,0.8666666666666667,0.65
271,E:\Developer\Machine Learning and Deep Learning\Projects\YOLO\Implementing_YOLO\Scrap\IMG_20200416_152441.jpg,plastic,640,480,220,3,622,313,0.8666666666666667,0.65
272,E:\Developer\Machine Learning and Deep Learning\Projects\YOLO\Implementing_YOLO\Scrap\IMG_20200414_132434.jpg,metal,640,480,86,125,278,293,0.8666666666666667,0.65
273,E:\Developer\Machine Learning and Deep Learning\Projects\YOLO\Implementing_YOLO\Scrap\IMG_20200415_185219.jpg,plastic,640,480,111,172,320,446,0.8666666666666667,0.65
274,E:\Developer\Machine Learning and Deep Learning\Projects\YOLO\Implementing_YOLO\Scrap\IMG_20200416_163548.jpg,wrapper,640,480,124,141,398,405,0.8666666666666667,0.65
275,E:\Developer\Machine Learning and Deep Learning\Projects\YOLO\Implementing_YOLO\Scrap\IMG_20200416_152446.jpg,plastic,640,480,236,157,504,442,0.8666666666666667,0.65
276,E:\Developer\Machine Learning and Deep Learning\Projects\YOLO\Implementing_YOLO\Scrap\IMG_20200416_164759.jpg,wrapper,640,480,213,180,376,291,0.8666666666666667,0.65
277,E:\Developer\Machine Learning and Deep Learning\Projects\YOLO\Implementing_YOLO\Scrap\IMG_20200414_132234.jpg,metal,640,480,273,73,420,271,0.8666666666666667,0.65
278,E:\Developer\Machine Learning and Deep Learning\Projects\YOLO\Implementing_YOLO\Scrap\IMG_20200414_132531.jpg,paper,640,480,82,222,236,416,0.8666666666666667,0.65
279,E:\Developer\Machine Learning and Deep Learning\Projects\YOLO\Implementing_YOLO\Scrap\IMG_20200414_132531.jpg,paper,640,480,426,77,626,226,0.8666666666666667,0.65
280,E:\Developer\Machine Learning and Deep Learning\Projects\YOLO\Implementing_YOLO\Scrap\IMG_20200416_163511.jpg,wrapper,640,480,251,95,495,305,0.8666666666666667,0.65
281,E:\Developer\Machine Learning and Deep Learning\Projects\YOLO\Implementing_YOLO\Scrap\IMG_20200416_160203.jpg,ceramic,640,480,227,170,376,325,0.8666666666666667,0.65
282,E:\Developer\Machine Learning and Deep Learning\Projects\YOLO\Implementing_YOLO\Scrap\IMG_20200416_163645.jpg,wrapper,640,480,161,138,577,329,0.8666666666666667,0.65
283,E:\Developer\Machine Learning and Deep Learning\Projects\YOLO\Implementing_YOLO\Scrap\IMG_20200416_163514.jpg,wrapper,640,480,151,179,430,408,0.8666666666666667,0.65
284,E:\Developer\Machine Learning and Deep Learning\Projects\YOLO\Implementing_YOLO\Scrap\IMG_20200416_160215.jpg,ceramic,640,480,172,69,405,323,0.8666666666666667,0.65
285,E:\Developer\Machine Learning and Deep Learning\Projects\YOLO\Implementing_YOLO\Scrap\IMG_20200415_185211.jpg,plastic,640,480,153,131,351,293,0.8666666666666667,0.65
286,E:\Developer\Machine Learning and Deep Learning\Projects\YOLO\Implementing_YOLO\Scrap\IMG_20200414_132326.jpg,paper,640,480,239,160,413,362,0.8666666666666667,0.65
287,E:\Developer\Machine Learning and Deep Learning\Projects\YOLO\Implementing_YOLO\Scrap\IMG_20200414_132326.jpg,metal,640,480,555,120,640,243,0.8666666666666667,0.65
288,E:\Developer\Machine Learning and Deep Learning\Projects\YOLO\Implementing_YOLO\Scrap\IMG_20200414_132323.jpg,metal,640,480,296,366,426,474,0.8666666666666667,0.65
289,E:\Developer\Machine Learning and Deep Learning\Projects\YOLO\Implementing_YOLO\Scrap\IMG_20200414_132323.jpg,paper,640,480,5,290,147,478,0.8666666666666667,0.65
290,E:\Developer\Machine Learning and Deep Learning\Projects\YOLO\Implementing_YOLO\Scrap\IMG_20200416_163555.jpg,wrapper,640,480,173,138,444,345,0.8666666666666667,0.65
291,E:\Developer\Machine Learning and Deep Learning\Projects\YOLO\Implementing_YOLO\Scrap\IMG_20200416_152708.jpg,metal,640,480,384,44,504,212,0.8666666666666667,0.65
292,E:\Developer\Machine Learning and Deep Learning\Projects\YOLO\Implementing_YOLO\Scrap\IMG_20200416_163640.jpg,wrapper,640,480,75,8,472,425,0.8666666666666667,0.65
293,E:\Developer\Machine Learning and Deep Learning\Projects\YOLO\Implementing_YOLO\Scrap\IMG_20200416_160338.jpg,ceramic,640,480,223,85,403,260,0.8666666666666667,0.65
294,E:\Developer\Machine Learning and Deep Learning\Projects\YOLO\Implementing_YOLO\Scrap\IMG_20200416_160331.jpg,ceramic,640,480,227,148,383,294,0.8666666666666667,0.65
295,E:\Developer\Machine Learning and Deep Learning\Projects\YOLO\Implementing_YOLO\Scrap\IMG_20200416_163504.jpg,wrapper,640,480,183,83,472,333,0.8666666666666667,0.65
296,E:\Developer\Machine Learning and Deep Learning\Projects\YOLO\Implementing_YOLO\Scrap\IMG_20200416_152509.jpg,plastic,640,480,316,92,576,323,0.8666666666666667,0.65
297,E:\Developer\Machine Learning and Deep Learning\Projects\YOLO\Implementing_YOLO\Scrap\IMG_20200415_170630.jpg,metal,640,480,186,59,404,345,0.8666666666666667,0.65
298,E:\Developer\Machine Learning and Deep Learning\Projects\YOLO\Implementing_YOLO\Scrap\IMG_20200414_132356.jpg,paper,640,480,14,182,272,404,0.8666666666666667,0.65
299,E:\Developer\Machine Learning and Deep Learning\Projects\YOLO\Implementing_YOLO\Scrap\IMG_20200414_132356.jpg,paper,640,480,323,115,603,327,0.8666666666666667,0.65
300,E:\Developer\Machine Learning and Deep Learning\Projects\YOLO\Implementing_YOLO\Scrap\IMG_20200414_132233.jpg,metal,640,480,217,112,352,281,0.8666666666666667,0.65
301,E:\Developer\Machine Learning and Deep Learning\Projects\YOLO\Implementing_YOLO\Scrap\IMG_20200415_170555.jpg,metal,640,480,278,147,469,413,0.8666666666666667,0.65
302,E:\Developer\Machine Learning and Deep Learning\Projects\YOLO\Implementing_YOLO\Scrap\IMG_20200415_170528.jpg,metal,640,480,273,95,374,241,0.8666666666666667,0.65
303,E:\Developer\Machine Learning and Deep Learning\Projects\YOLO\Implementing_YOLO\Scrap\IMG_20200416_160155.jpg,ceramic,640,480,135,68,335,293,0.8666666666666667,0.65
304,E:\Developer\Machine Learning and Deep Learning\Projects\YOLO\Implementing_YOLO\Scrap\IMG_20200416_163601.jpg,wrapper,640,480,164,70,463,419,0.8666666666666667,0.65
305,E:\Developer\Machine Learning and Deep Learning\Projects\YOLO\Implementing_YOLO\Scrap\IMG_20200414_132746.jpg,plastic,640,480,199,113,561,369,0.8666666666666667,0.65
306,E:\Developer\Machine Learning and Deep Learning\Projects\YOLO\Implementing_YOLO\Scrap\IMG_20200416_160322.jpg,ceramic,640,480,295,198,510,407,0.8666666666666667,0.65
307,E:\Developer\Machine Learning and Deep Learning\Projects\YOLO\Implementing_YOLO\Scrap\IMG_20200416_160236.jpg,ceramic,640,480,304,110,444,295,0.8666666666666667,0.65
308,E:\Developer\Machine Learning and Deep Learning\Projects\YOLO\Implementing_YOLO\Scrap\IMG_20200416_163550.jpg,wrapper,640,480,241,230,419,392,0.8666666666666667,0.65
309,E:\Developer\Machine Learning and Deep Learning\Projects\YOLO\Implementing_YOLO\Scrap\IMG_20200416_164826.jpg,wrapper,640,480,89,153,399,349,0.8666666666666667,0.65
310,E:\Developer\Machine Learning and Deep Learning\Projects\YOLO\Implementing_YOLO\Scrap\IMG_20200416_164750.jpg,wrapper,640,480,158,151,304,263,0.8666666666666667,0.65
311,E:\Developer\Machine Learning and Deep Learning\Projects\YOLO\Implementing_YOLO\Scrap\IMG_20200416_163607.jpg,wrapper,640,480,171,5,544,345,0.8666666666666667,0.65
312,E:\Developer\Machine Learning and Deep Learning\Projects\YOLO\Implementing_YOLO\Scrap\IMG_20200416_160307.jpg,ceramic,640,480,241,49,477,275,0.8666666666666667,0.65
313,E:\Developer\Machine Learning and Deep Learning\Projects\YOLO\Implementing_YOLO\Scrap\IMG_20200416_160246.jpg,ceramic,640,480,256,182,420,357,0.8666666666666667,0.65
314,E:\Developer\Machine Learning and Deep Learning\Projects\YOLO\Implementing_YOLO\Scrap\IMG_20200416_152454.jpg,plastic,640,480,280,135,455,265,0.8666666666666667,0.65
